Workbook

Sheet Hoja1
A1: Edad | B1: Experiencia | C1: Sexo | D1: Nivel_Educ | E1: Centro | F1: Zona | G1: CCAA | H1: Protocolos | I1: VF | J1: VP | K1: VRS | L1: SUMA V | M1: VIOLENCIA
A2: 46 | B2: 20 | C2: 1 | D2: 1 | E2: 0 | F2: 2 | G2: Madrid | H2: 0 | I2: 0 | J2: 7 | K2: 0 | L2: =Hoja1!$I2+Hoja1!$J2+Hoja1!$K2 -> 7 | M2: =IF(L2>0,1,0) -> 1
A3: 47 | B3: 20 | C3: 1 | D3: 1 | E3: 0 | F3: 1 | G3: Madrid | H3: 0 | I3: 0 | J3: 1 | K3: 0 | L3: =Hoja1!$I3+Hoja1!$J3+Hoja1!$K3 -> 1 | M3: =IF(L3>0,1,0) -> 1
A4: 56 | B4: 24 | C4: 1 | D4: 1 | E4: 0 | F4: 2 | G4: Castilla y León | H4: 1 | I4: 3 | J4: 4 | K4: 0 | L4: =Hoja1!$I4+Hoja1!$J4+Hoja1!$K4 -> 7 | M4: =IF(L4>0,1,0) -> 1
A5: 39 | B5: 15 | C5: 1 | D5: 0 | E5: 0 | F5: 2 | G5: Madrid | H5: 0 | I5: 1 | J5: 1 | K5: 1 | L5: =Hoja1!$I5+Hoja1!$J5+Hoja1!$K5 -> 3 | M5: =IF(L5>0,1,0) -> 1
A6: 56 | B6: 3 | C6: 1 | D6: 1 | E6: 0 | F6: 2 | G6: Castilla y León | H6: 0 | I6: 0 | J6: 0 | K6: 0 | L6: =Hoja1!$I6+Hoja1!$J6+Hoja1!$K6 -> 0 | M6: =IF(L6>0,1,0) -> 0
A7: 57 | B7: 30 | C7: 1 | D7: 2 | E7: 0 | F7: 2 | G7: Madrid | H7: 3 | I7: 0 | J7: 1 | K7: 0 | L7: =Hoja1!$I7+Hoja1!$J7+Hoja1!$K7 -> 1 | M7: =IF(L7>0,1,0) -> 1
A8: 52 | B8: 24 | C8: 1 | D8: 0 | E8: 0 | F8: 2 | G8: Madrid | H8: 2 | I8: 0 | J8: 1 | K8: 0 | L8: =Hoja1!$I8+Hoja1!$J8+Hoja1!$K8 -> 1 | M8: =IF(L8>0,1,0) -> 1
A9: 43 | B9: 9 | C9: 1 | D9: 1 | E9: 0 | F9: 2 | G9: Madrid | H9: 0 | I9: 0 | J9: 1 | K9: 0 | L9: =Hoja1!$I9+Hoja1!$J9+Hoja1!$K9 -> 1 | M9: =IF(L9>0,1,0) -> 1
A10: 44 | B10: 4 | C10: 1 | D10: 1 | E10: 1 | F10: 2 | G10: Castilla y León | H10: 1 | I10: 0 | J10: 2 | K10: 0 | L10: =Hoja1!$I10+Hoja1!$J10+Hoja1!$K10 -> 2 | M10: =IF(L10>0,1,0) -> 1
A11: 50 | B11: 26 | C11: 1 | D11: 1 | E11: 0 | F11: 2 | G11: Madrid | H11: 0 | I11: 1 | J11: 5 | K11: 0 | L11: =Hoja1!$I11+Hoja1!$J11+Hoja1!$K11 -> 6 | M11: =IF(L11>0,1,0) -> 1
A12: 44 | B12: 12 | C12: 1 | D12: 1 | E12: 0 | F12: 2 | G12: Castilla y León | H12: 1 | I12: 8 | J12: 8 | K12: 0 | L12: =Hoja1!$I12+Hoja1!$J12+Hoja1!$K12 -> 16 | M12: =IF(L12>0,1,0) -> 1
A13: 49 | B13: 11 | C13: 1 | D13: 1 | E13: 1 | F13: 2 | G13: Castilla y León | H13: 1 | I13: 0 | J13: 3 | K13: 0 | L13: =Hoja1!$I13+Hoja1!$J13+Hoja1!$K13 -> 3 | M13: =IF(L13>0,1,0) -> 1
... A400: 50 | B400: 25 | C400: 0 | D400: 1 | E400: 0 | F400: 2 | G400: Galicia | H400: 1 | I400: 1 | J400: 5 | K400: 0 | L400: =Hoja1!$I400+Hoja1!$J400+Hoja1!$K400 -> 6 | M400: =IF(L400>0,1,0) -> 1
